Post Date,Recruitment Board,Exam / Post Name,Qualification,Advt No,Last Date,More Information
10/09/2025,Bank of Maharashtra,Various Managers     – 350 Posts,"Any Graduate, B.Tech/B.E, M.Sc, MCA",AX1/ST/RP/Specialist Officer/Phase II/2025-26,30-09-2025,Get Details
10/09/2025,RBI,Officers Grade B     – 120 Posts,Any Graduate,RBISB/BA/03/2025-26,30-09-2025,Get Details
10/09/2025,IDBI Bank,Experts     – 02 Posts,"B.Tech/B.E, M.Sc, M.E/M.Tech, MCA",4/ 2025-26,20-09-2025,Get Details
10/09/2025,Punjab and Sind Bank,"Yoga, Acupressure Specialist","Any Graduate, Diploma",–,18-09-2025,Get Details
10/09/2025,Nainital Bank,"CISO, CFO and More     – 04 Posts","B.Sc, B.Tech/B.E, CA, M.E/M.Tech, MCA",–,20-09-2025,Get Details
09/09/2025,IBPS RRB,"Office Assistant, Officers     – 13217 Posts","Any Bachelors Degree, LLB, Diploma, CA, MBA/PGDM",–,21-09-2025,Get Details
08/09/2025,RNSB,Junior Executive,"Any Graduate, Any Post Graduate",–,11-09-2025,Get Details
08/09/2025,BOBCAPS,"Manager, Research Analyst Consumer and More","CA, M.Com, MBA/PGDM",–,30-09-2025,Get Details
08/09/2025,APCOB,Cooperative Interns     – 14 Posts,MBA/PGDM,–,15-09-2025,Get Details
08/09/2025,Sindhudurg DCCB,Clerk     – 73 Posts,"Any Graduate, Any Post Graduate",–,30-09-2025,Get Details
08/09/2025,Kakinada Cooperative Town Bank,Clerk Cum Cashier     – 11 Posts,Any Graduate,–,26-09-2025,Get Details
08/09/2025,BOBCAPS,SVP Investment Banking,"CA, MBA/PGDM",–,15-09-2025,Get Details
08/09/2025,Bihar State Cooperative Bank,Co Operative Interns     – 24 Posts,MBA/PGDM,–,10-09-2025,Get Details
06/09/2025,Canara Bank Securities,Trainee,Any Graduate,–,06-10-2025,Get Details
04/09/2025,RBI,Banks Medical Consultant     – 01 Posts,Other,–,17-09-2025,Get Details
03/09/2025,Punjab and Sind Bank,Physiotherapist,"BPT, MPT",–,10-09-2025,Get Details
03/09/2025,Central Bank of India,Counselor FLC     – 05 Posts,Any Graduate,–,12-09-2025,Get Details
03/09/2025,Karnataka Grameena Bank,"Office Assistant, Assistant Manager, Manager     – 1425 Posts","Any Bachelors Degree, LLB, CA, MBA/PGDM",–,21-09-2025,Get Details
02/09/2025,Punjab and Sind Bank,BMC,"MBBS, MS/MD",–,10-09-2025,Get Details
02/09/2025,ADC Bank,Apprentice Clerk,Any Graduate,–,12-09-2025,Get Details
01/09/2025,APCOB,"Manager, Staff Assistant     – 38 Posts",Any Graduate,–,10-09-2025,Get Details
01/09/2025,India Bank,Authorised Doctor,MBBS,–,15-09-2025,Get Details
29/08/2025,Central Bank of India,Faculty/ Office Assistant/ Attendant     – 06 Posts,"Any Graduate, B.A, B.Ed, B.Sc, 10TH, M.A, MSW",–,15-09-2025,Get Details
29/08/2025,Central Bank of India,"Faculty, Office Assistant","Any Graduate, B.A, B.Com, B.Ed, BSW, M.A, MSW",–,12-09-2025,Get Details
28/08/2025,Bank of Baroda,FLC Counsellor     – 01 Posts,Any Graduate,–,10-09-2025,Get Details
28/08/2025,Exim Bank,Officers     – 08 Posts,"B.Tech/B.E, Any Masters Degree, PG Diploma",HRM/OC/CCG/ESG/INFRA/2025-26/ 04,21-09-2025,Get Details
28/08/2025,Punjab and Sind Bank,Banks Medical Consultant,"MBBS, MS/MD",–,10-09-2025,Get Details
26/08/2025,Bank of Baroda,BC Cordinators     – 15 Posts,"Any Graduate, B.Tech/B.E, M.Sc, MBA/PGDM, MCA",–,10-09-2025,Get Details
25/08/2025,SBI,"Centre Head, Senior Vice President and More     – 12 Posts","B.Tech/B.E, M.Sc, M.E/M.Tech, MCA",CRPD/SCO/2025-26/08,15-09-2025,Get Details
25/08/2025,SBI,Assistant Data Protection Officer     – 1 Posts,Any Graduate,CRPD/SCO/2025-26/07,15-09-2025,Get Details
25/08/2025,SBI,"Deputy Manager, Manager     – 4 Posts",MBA/PGDM,CRPD/SCO/2024-25/09,15-09-2025,Get Details
21/08/2025,BCC Bank,"Junior Assistants, Attender     – 74 Posts","Any Graduate, 10TH",–,10-09-2025,Get Details
16/08/2025,Central Bank of India,Counselor FLCC     – 01 Posts,Any Graduate,–,15-09-2025,Get Details
.,,,,,,
23/08/2025,UPSC,"Lecturer, Assistant Public Prosecutor and More     – 84 Posts","B.Ed, LLB, M.A, M.Sc",12/2025,11-09-2025,Get Details
10/09/2025,IB,Junior Intelligence Officer     – 394 Posts,"BCA, B.Sc, Diploma",–,14-09-2025,Get Details
10/09/2025,NABFINS,Customer Service Officer,12TH,–,27-09-2025,Get Details
09/09/2025,IOCL,Apprentices     – 523 Posts,"B.A, B.Com, B.Sc, Diploma, ITI, 12TH",IOCL/MKTG/NR/APPR/2025-26/01,11-10-2025,Get Details
09/09/2025,EIL,Associate Engineer     – 48 Posts,"B.Sc, B.Tech/B.E",HRD/Rectt./Advt./2025-26/09,24-09-2025,Get Details
09/09/2025,NCLT,"Stenographers, Private Secretaries     – 32 Posts",Any Graduate,–,08-10-2025,Get Details
09/09/2025,Balmer Lawrie,"Assistant Manager, Officer and Other     – 38 Posts","Any Graduate, Any Bachelors Degree, B.Tech/B.E, Diploma, Any Post Graduate, CA, ICWA, M.Sc, MBA/PGDM",–,03-10-2025,Get Details
08/09/2025,BOBCAPS,Business Development Manager     – 70 Posts,"Any Graduate, 12TH",–,30-09-2025,Get Details
08/09/2025,NHAI,"Senior AI Engineer, AI Engineer and Other     – 17 Posts","B.Sc, B.Tech/B.E",–,07-10-2025,Get Details
08/09/2025,RRB,Paramedical Staff     – 434 Posts,"B.Sc, GNM, D.Pharm",03/2025,18-09-2025,Get Details
08/09/2025,Indian Army,NCC Special Entry     – 06 Posts,Any Graduate,–,11-09-2025,Get Details
06/09/2025,IOCL,Engineers/ Officers,B.Tech/B.E,IOCL/CO-HR/Rectt/2025/01,21-09-2025,Get Details
06/09/2025,IB,Security Assistant (Motor Transport)     – 455 Posts,10TH,–,28-09-2025,Get Details
05/09/2025,SJVN,Workman Trainee     – 87 Posts,"Any Graduate, B.Com, ITI, 8TH",124/2025,13-10-2025,Get Details
03/09/2025,EIL,"Engineer, Manager and More     – 19 Posts","Any Graduate, B.Sc, B.Tech/B.E, Diploma",–,18-09-2025,Get Details
02/09/2025,LIC HFL,Apprentices     – 192 Posts,Any Graduate,–,22-09-2025,Get Details
02/09/2025,NHPC,Non Executive     – 248 Posts,"Any Graduate, BCA, B.Sc, B.Tech/B.E, Diploma, Any Masters Degree, CA",NH/Rectt./04/2025,01-10-2025,Get Details
01/09/2025,BEML,"Security Guard, Staff Nurse and More     – 243 Posts","B.Sc, B.Tech/B.E, ITI, 10TH, CA, M.A, MBA/PGDM, PG Diploma, M.Phil/Ph.D, MSW",–,12-09-2025,Get Details
29/08/2025,IOCL,Apprentices     – 537 Posts,"Any Graduate, Diploma, ITI, 12TH",PL/HR/ESTB/APPR (2025)-2,18-09-2025,Get Details
28/08/2025,Indian Air Force,Agniveervayu,"Diploma, 12TH",–,14-09-2025,Get Details
28/08/2025,AAI,Junior Executive     – 976 Posts,"B.Arch, B.Tech/B.E, MCA",09/2025/CHQ,27-09-2025,Get Details
28/08/2025,Oil India,"Senior Officer, Hindi Officer and More     – 102 Posts","Any Graduate, B.Tech/B.E, LLB, M.A, M.Sc, M.E/M.Tech, MBA/PGDM, Member of ICAI, ICSI",HRAQ/REC-EX-B/2025-07,26-09-2025,Get Details
26/08/2025,NHSRCL,"Assistant Technical Manager, Junior Technical Manager     – 36 Posts",B.Tech/B.E,–,15-09-2025,Get Details
21/08/2025,ISRO NRSC,Apprentice     – 96 Posts,"B.A, B.Com, B.Sc, B.Tech/B.E, Diploma, B.Lib",NRSC/RMT/03/2025,11-09-2025,Get Details
19/08/2025,BSF,Head Constable     – 1121 Posts,"ITI, 12TH",–,23-09-2025,Get Details
19/08/2025,Indian Army,Dental Corps     – 30 Posts,"BDS, Master of Dental Surgery",–,17-09-2025,Get Details
12/08/2025,Indian Army,SSC NCC Special Entry     – 70 Posts,Any Graduate,–,10-09-2025,Get Details
12/08/2025,RVNL,"SAP Engineer, Senior Executive and More     – 06 Posts","Any Graduate, BCA, B.Com, B.Tech/B.E, Diploma, M.Com, M.E/M.Tech, MBA/PGDM, MCA",–,10-09-2025,Get Details
11/08/2025,BHEL,Artisan     – 515 Posts,ITI,04/2025,12-09-2025,Get Details
25/07/2025,ESIC,Assistant Professor     – 243 Posts,"DNB, Master of Dental Surgery, MS/MD",–,15-09-2025,Get Details
21/07/2025,EPFO,"AEE, Junior Engineer and More     – 111 Posts","B.Tech/B.E, Diploma",–,15-09-2025,Get Details
22/03/2025,BSF,"Commandant, Deputy Commandant and More     – 9 Posts",Retired Staff,–,30-11-2025,Get Details
08/09/2025,OFBL,Apprentices     – 42 Posts,"B.Tech/B.E, Diploma",01/GTA/OFBL/2025-26,24-09-2025,Get Details
08/08/2025,DRDO DMSRDE,Junior Research Fellowship     – 2 Posts,"B.Tech/B.E, M.Sc, M.E/M.Tech",–,11-09-2025,Get Details
10/09/2025,East Central Railway,"General Duty Medical Practitioners, Specialists Doctor     – 05 Posts","Any Graduate, MBBS, Diploma",–,24-09-2025,Get Details
10/09/2025,MMRCL,Professionals     – 04 Posts,B.Tech/B.E,MMRCL/HR-Rect./202509,05-10-2025,Get Details
10/09/2025,Southern Railway,Sports Person     – 67 Posts,"Any Graduate, ITI, 12TH, 10TH",RRC-02/Sports/2025-26,12-10-2025,Get Details
10/09/2025,RRB,Section Controller     – 368 Posts,Any Graduate,04/2025,14-10-2025,Get Details
09/09/2025,CLW,Sports Person     – 12 Posts,"Any Graduate, 12TH, 10TH",–,23-09-2025,Get Details
06/09/2025,DMRC,"Chief Executive Officer, Dy. HOD     – 02 Posts",B.Tech/B.E,"DMRC/PERS/22/HR/2025 (210, 209)",24-09-2025,Get Details
05/09/2025,RCF,Sports Quota     – 23 Posts,"ITI, 10TH",01/SPQ/2025-26,29-09-2025,Get Details
05/09/2025,RRB,Paramedical Staff     – 434 Posts,"B.Sc, Diploma, GNM, D.Pharm, DMLT",CEN No. 03/2025,18-09-2025,Get Details
04/09/2025,RRC Eastern Railway,"Group C, Group D     – 50 Posts","Any Graduate, ITI, 12TH, 10TH",RRC/ER/Sports Quota/(Open Advertisement)/ 2025-26,09-10-2025,Get Details
03/09/2025,RRC Southern Railway,Scouts and Guides Quota     – 14 Posts,"ITI, 10TH",RRC-01/S&G/2025-26,29-09-2025,Get Details
30/08/2025,RRC Western Railway,Apprentices     – 2865 Posts,"ITI, 12TH, 10TH",01/2025,29-09-2025,Get Details
29/08/2025,IRCON,"Joint General Manager, Manager     – 3 Posts",CA,19/2025,19-09-2025,Get Details
29/08/2025,Konkan Railway,"Assistant Electrical Engineer, Technical Assistant and More     – 80 Posts","B.Tech/B.E, Diploma, ITI",CO/P-R/8C/2025,18-09-2025,Get Details
28/08/2025,Southern Railway,Apprentices     – 3518 Posts,"ITI, 12TH, 10TH",CPB/P1/98/Act/TP/Vol.XXI,25-09-2025,Get Details
26/08/2025,Northern Railway,HVS consultant     – 07 Posts,"Any Post Graduate, PG Diploma",–,20-09-2025,Get Details
26/08/2025,RITES,Resident Lab Technician     – 3 Posts,"B.Tech/B.E, M.Sc",–,14-09-2025,Get Details
26/08/2025,Northern Railway,Honorary Visiting Specialists     – 07 Posts,Any Post Graduate,40-Med/HVS/FZR,20-09-2025,Get Details
22/08/2025,MRVC,Project Engineer     – 04 Posts,B.Tech/B.E,–,18-09-2025,Get Details
14/08/2025,RRC Eastern Railway,Apprentices     – 3115 Posts,"ITI, 10TH",RRC-ER/Act Apprentices/2025-26,13-09-2025,Get Details
14/08/2025,Central Railway,Apprentices     – 2418 Posts,ITI,RRC/CR/AA/2025,11-09-2025,Get Details
13/08/2025,RRC Eastern Railway,Apprentice     – 3115 Posts,"ITI, 10TH",RRC/ER/Act Apprentices/2025-26,13-09-2025,Get Details
10/09/2025,ICMR RMRCSVP,Young Professional II     – 04 Posts,"BAMS, Any Post Graduate, M.Com, M.Sc, MBA/PGDM, MS/MD, BSMS",1-51/Appt./YP-II/ICMR-RMRC/SVP/215,29-09-2025,Get Details
10/09/2025,APPSC,Thanedar     – 10 Posts,Other,13/2025,01-10-2025,Get Details
08/09/2025,DMHO Anakapalli,Asha Worker     – 61 Posts,10TH,–,13-09-2025,Get Details
08/09/2025,APMSRB,"Senior Public Health Specialist, Microbiologist and More     – 17 Posts","Any Graduate, B.B.A, B.Sc, B.Tech/B.E, MBBS, DNB, M.Sc, M.E/M.Tech, MBA/PGDM, MCA, MS/MD, MPH",12/2025,20-09-2025,Get Details
08/09/2025,DCHS Guntur,"Doctor, Nurse and More     – 28 Posts","Any Graduate, MBBS, 8TH, 5th, ANM",–,16-09-2025,Get Details
05/09/2025,APCRDA,"Team Leader, Assistant Director and More     – 05 Posts","Any Graduate, B.Arch, BCA, B.Tech/B.E, BSW, M.Arch, MBA/PGDM",18/2025,18-09-2025,Get Details
05/09/2025,APCRDA,"Planning Manager, Senior Design Expert and More     – 08 Posts","B.Tech/B.E, M.E/M.Tech",–,19-09-2025,Get Details
04/09/2025,DCIL,"Fleet Personnel, Trainees     – 19 Posts","B.Tech/B.E, Diploma",06/2025,23-09-2025,Get Details
04/09/2025,DSH Hospitals,"Chowkidar, Ward Boy and More     – 28 Posts","Any Graduate, MBBS, 8TH, 5th, ANM",–,16-09-2025,Get Details
03/09/2025,IIT Tirupati,Project Manager     – 01 Posts,"B.Tech/B.E, M.E/M.Tech",Advt/ IITT/CSRC/25-26/11,10-09-2025,Get Details
03/09/2025,CCI,Temporary Staff,Other,–,27-09-2025,Get Details
03/09/2025,AIIMS Mangalagiri,"Laboratory Technician, Field Worker     – 03 Posts","B.Sc, 12TH, 10TH, DMLT",AIIMS/MG/CFM/PROJECT/RECRUITMENT/IGGAARL/RYSS/02,22-09-2025,Get Details
03/09/2025,Prisons Department Andhra Pradesh,"Pharmacist, Lab Technician and More     – 03 Posts","B.Pharma, B.Sc, Diploma, 10TH, DMLT, MLT",–,15-09-2025,Get Details
02/09/2025,District Court West Godavari,"Head Clerk, Attender and More     – 11 Posts",Any Bachelors Degree,–,12-09-2025,Get Details
02/09/2025,Prisons Department Andhra Pradesh,"Project Coordinator, Nurse and More     – 07 Posts","Any Graduate, B.Sc, 8TH",–,15-09-2025,Get Details
01/09/2025,APMSRB,Deputy Executive Officer     – 48 Posts,MBBS,11/2025,15-09-2025,Get Details
29/08/2025,ANGRAU,"Teaching Associate, Teaching Assistant     – 06 Posts","Any Masters Degree, M.Phil/Ph.D",–,10-09-2025,Get Details
26/08/2025,APMSRB,"General Physician, Pediatrician and More     – 185 Posts",MBBS,08/2025,10-09-2025,Get Details
20/08/2025,BEL,Project Engineer I     – 20 Posts,B.Tech/B.E,383/HR/REC/NS(S&CS)/2025/PRE-I,13-09-2025,Get Details
01/09/2025,ITI Limited,"General Manager, Executive     – 7 Posts","B.Tech/B.E, CA, ICWA, MBA/PGDM, ICSI",–,18-09-2025,Get Details
12/08/2025,APSSB,Laboratory Assistant     – 26 Posts,"B.Sc, B.Tech/B.E, M.Sc",6/25,30-09-2025,Get Details
05/08/2025,APSSB,"Driver, Junior Estimator and More     – 239 Posts","B.Sc, Diploma, B.Lib, 12TH, 10TH",05/25,30-09-2025,Get Details
10/09/2025,Assam PSC,Assistant Engineer     – 50 Posts,B.Tech/B.E,31/2025,14-10-2025,Get Details
10/09/2025,ASSAC,Project Scientist     – 06 Posts,"B.Tech/B.E, M.Sc, M.E/M.Tech, MCA",–,20-09-2025,Get Details
09/09/2025,Tezpur University,Guest Faculty,"B.Tech/B.E, M.E/M.Tech, BS",20 /2025,14-09-2025,Get Details
09/09/2025,MECON,Experienced Professionals     – 47 Posts,B.Tech/B.E,05.73.1/2025/Cont/01,20-09-2025,Get Details
09/09/2025,Assam PSC,Grade IV     – 20 Posts,"12TH, 10TH, 8TH",30/2025,09-10-2025,Get Details
04/09/2025,Directorate of Employment and Craftsmen Training,Junior Instructors     – 95 Posts,12TH,–,03-10-2025,Get Details
04/09/2025,TRTC Guwahati,"Store Assistant, Procurement Assistant and More     – 05 Posts","Any Bachelors Degree, B.Com, B.Tech/B.E",TRTC/Ghy/2025-26/40,12-09-2025,Get Details
03/09/2025,BEL,Project Engineer I     – 16 Posts,B.Tech/B.E,383/HR/REC/MR/25/PE-I,17-09-2025,Get Details
02/09/2025,MHRB Assam,Principal     – 01 Posts,MS/MD,MHRB/67/GAC/2025/4656,15-09-2025,Get Details
02/09/2025,DGFT,Young Professionals     – 02 Posts,Any Post Graduate,–,16-09-2025,Get Details
02/09/2025,DEE Assam,Special Educator     – 108 Posts,"Any Graduate, B.Ed",E - 631844/73,30-09-2025,Get Details
02/09/2025,IIT Guwahati,Junior Technician     – 06 Posts,"Any Bachelors Degree, Diploma",IITG/R/10/2025,15-09-2025,Get Details
01/09/2025,Assam PSC,Urban Technical Officer     – 43 Posts,B.Tech/B.E,29/2025,25-09-2025,Get Details
01/09/2025,Assam PSC,Research Assistant     – 03 Posts,"B.Com, B.Sc",28 /2025,03-10-2025,Get Details
29/08/2025,OIL,"Contractual Mechanical Engineer, Contractual Instrumentation Engineer     – 03 Posts",B.Tech/B.E,–,15-09-2025,Get Details
28/08/2025,POWERGRID,Field Engineer and Supervisor     – 1543 Posts,"B.Sc, B.Tech/B.E, Diploma",CC/03/2025,17-09-2025,Get Details
28/08/2025,Gauhati High Court,Assam Judicial Service Grade I     – 11 Posts,Other,–,14-09-2025,Get Details
26/08/2025,DEE Assam,Special Educator     – 120 Posts,D.P.Ed,E - 631844/68,30-09-2025,Get Details
23/08/2025,CBIC,"Tax Assistant, Havaldar     – 11 Posts","Any Graduate, 10TH",–,13-09-2025,Get Details
18/08/2025,IIT Guwahati,Junior Technician     – 06 Posts,"B.Sc, Diploma, ITI",–,15-09-2025,Get Details
12/08/2025,Assam PSC,Junior Engineer     – 187 Posts,Diploma,27/2025,13-09-2025,Get Details
09/09/2025,BPSC,Project Manager     – 09 Posts,"Any Graduate, B.A, B.Pharma, B.Sc, B.Tech/B.E, MBA/PGDM",–,06-10-2025,Get Details
05/09/2025,BPSC,"Assistant Public Sanitary, Waste Management Officer     – 54 Posts","B.Arch, B.Sc, B.Tech/B.E",–,30-09-2025,Get Details
04/09/2025,Bihar SCPS,"Nurse, Counsellor and More     – 129 Posts","Any Graduate, B.A, LLB, Diploma, 12TH, 10TH, BSW, BPT, Any Masters Degree, LLM, MSW, MPH",–,24-09-2025,Get Details
30/08/2025,AIIMS Patna,Laboratory Technician III     – 01 Posts,"B.Sc, 12TH, DMLT",–,12-09-2025,Get Details
30/08/2025,BPSC,District Sports Officer     – 33 Posts,"Any Graduate, Diploma",90/2025,26-09-2025,Get Details
30/08/2025,ESIC,Adjunct/ Visiting faculty     – 06 Posts,MS/MD,10/ 2025,13-09-2025,Get Details
29/08/2025,ICMR RMRIMS,Young Professionals I     – 03 Posts,B.Sc,ICMR-RMRIMS/YP-I/e-246053/566/2025-26,16-09-2025,Get Details
29/08/2025,BPSC,Head of Department     – 218 Posts,M.Phil/Ph.D,91~107/2025,30-09-2025,Get Details
29/08/2025,ESIC,Teaching Faculty     – 43 Posts,"MBBS, MS/MD",11 of 2025,12-09-2025,Get Details
26/08/2025,BPSC,Assistant Environmental Scientist     – 17 Posts,B.Sc,88/2025,19-09-2025,Get Details
26/08/2025,BSSC,Office Attendant     – 3727 Posts,10TH,06/2025,26-09-2025,Get Details
26/08/2025,BSSC,"Assistant Branch Officer, Auditor and More     – 1481 Posts","Any Graduate, BCA, B.Com, B.Sc, PGDCA",05/25,19-09-2025,Get Details
25/08/2025,BPSC,Assistant Town Planner     – 35 Posts,M.Plan,89/2025,22-09-2025,Get Details
25/08/2025,SHS Bihar,"Laboratory Technician, Senior Laboratory Technician     – 1075 Posts","M.Sc, DMLT, BMLT",09/2025,15-09-2025,Get Details
23/08/2025,BPSC,Assistant Education Development Officer     – 935 Posts,Any Graduate,–,26-09-2025,Get Details
21/08/2025,Patna High Court,Stenographer     – 111 Posts,"Diploma, 12TH",PHC/02/2025,19-09-2025,Get Details
14/08/2025,BERC,Staff Consultant,LLB,15,19-09-2025,Get Details
13/08/2025,BPSC,Associate Professor     – 539 Posts,"M.E/M.Tech, M.Phil/Ph.D",–,12-09-2025,Get Details
10/09/2025,Chandigarh Administration,Verifiers     – 01 Posts,"B.A, B.Com, B.Sc, Diploma",–,15-09-2025,Get Details
09/09/2025,NITTTR,"Personal Assistant, Multi Tasking Staff and More     – 16 Posts","Any Graduate, 12TH, 10TH, Any Masters Degree",254/2025 to 259/2025,15-10-2025,Get Details
09/09/2025,Panjab University,Guest Faculty     – 01 Posts,Other,–,15-09-2025,Get Details
08/09/2025,PGIMER,Senior Resident     – 01 Posts,MS/MD,–,17-09-2025,Get Details
04/09/2025,PGIMER,Technical Assistant Omics     – 01 Posts,"B.Sc, M.Sc",–,17-09-2025,Get Details
02/09/2025,PGIMER,Phlebotomist cum Research Assistant     – 01 Posts,"B.Sc, GNM, BMLT",–,11-09-2025,Get Details
30/08/2025,Samagra Shiksha Chandigarh,Cluster Resource Coordinator     – 5 Posts,Any Post Graduate,–,15-09-2025,Get Details
30/08/2025,CSACS,ICTC Laboratory Technician     – 02 Posts,"B.Sc, BMLT",–,25-09-2025,Get Details
21/07/2025,PGIMER,Project Technical Support III     – 01 Posts,"BSW, M.A, MSW",–,27-10-2025,Get Details
05/09/2025,SECR,Part Time Homeopathic Consultant     – 01 Posts,BHMS,–,25-09-2025,Get Details
04/09/2025,IIT Bhilai,"Jrf, Project Scientist and More     – 05 Posts","B.Sc, B.Tech/B.E, M.Sc, M.E/M.Tech, M.Phil/Ph.D",–,14-09-2025,Get Details
03/09/2025,CG FSL,"Laboratory Assistant, Laboratory Technician     – 41 Posts","Any Graduate, B.Sc, Diploma, 12TH",–,15-09-2025,Get Details
03/09/2025,CG FSL,Class IV     – 39 Posts,"12TH, 10TH, 8TH",–,15-09-2025,Get Details
26/08/2025,AIIMS Raipur,"Medical Physicist, Nuclear Medicine Technologist     – 17 Posts","Any Bachelors Degree, 12TH, M.Sc",RC/NF-C/MP&NMT/2025,15-09-2025,Get Details
16/08/2025,IOCL,Apprentices     – 405 Posts,"ITI, 12TH",IOCL/MKTG/WR/APPR/2025-26,15-09-2025,Get Details
10/09/2025,UT of Dadra and Nagar Haveli and Daman and Diu,"Special Educators, Resource Person and Other     – 17 Posts","Any Graduate, B.A, B.Com, B.Ed, B.Sc, Diploma, PG Diploma",DE/DNHDD/SS/BRC-CRC/2025/2861,25-09-2025,Get Details
10/09/2025,AIIMS Delhi,Scientist D     – 01 Posts,"Any Masters Degree, M.Phil/Ph.D",–,18-09-2025,Get Details
10/09/2025,AIIMS Delhi,Project Technical Support II     – 01 Posts,"DMLT, MLT",–,21-09-2025,Get Details
10/09/2025,DPSRU,Junior Research Fellow     – 01 Posts,"M.Pharma, MS",–,15-10-2025,Get Details
10/09/2025,DFPD,Assistant Professor     – 01 Posts,M.Sc,–,07-10-2025,Get Details
10/09/2025,JNU,"Research Associate, Research Assistant     – 02 Posts",M.Phil/Ph.D,–,15-09-2025,Get Details
10/09/2025,CWC,Consultant     – 01 Posts,Other,–,22-09-2025,Get Details
09/09/2025,ICSIL,Multi Tasking Staff     – 05 Posts,12TH,ICSIL/RC/10-A/MTS/Food & Supplies/2025-26,15-09-2025,Get Details
09/09/2025,MHA,Inspector     – 03 Posts,Other,–,24-09-2025,Get Details
09/09/2025,EdCIL,"Senior Consultant, Consultant     – 03 Posts",Any Masters Degree,01/2025/EdCIL-TSG/HESPIS,23-09-2025,Get Details
09/09/2025,ICSIL,Data Entry Operator     – 10 Posts,Any Graduate,–,18-09-2025,Get Details
09/09/2025,APEDA,"Consultant, Associate     – 09 Posts","MBA/PGDM, PGDM",–,22-09-2025,Get Details
08/09/2025,JNU,Junior Research Fellow     – 01 Posts,Other,–,26-09-2025,Get Details
08/09/2025,AIIMS Delhi,Project Scientist D     – 01 Posts,"BDS, MBBS, BVSC, Any Post Graduate, M.Phil/Ph.D, MPH",–,21-09-2025,Get Details
08/09/2025,MMTC,Consultant     – 01 Posts,Any Graduate,01/2023,11-09-2025,Get Details
08/09/2025,IIMC,"Professor, Assistant Professors     – 21 Posts","Any Masters Degree, M.Phil/Ph.D",01/2025,06-10-2025,Get Details
08/09/2025,National Seeds Corporation,"Sr. General Managers, Deputy General Manager     – 05 Posts",Other,–,30-09-2025,Get Details
05/09/2025,DCAC,"Director, Library Attendant and More     – 06 Posts",Other,–,21-09-2025,Get Details
05/09/2025,NII,Business Analyst     – 01 Posts,"B.Sc, M.Sc",–,12-09-2025,Get Details
05/09/2025,Digital India Corporation,Senior Consultant     – 01 Posts,"B.Sc, M.Sc",DIC/Poshan Tracker/01/2025/09,14-09-2025,Get Details
05/09/2025,DDA,Consultant     – 5 Posts,M.Sc,08/Consultant/2025/Rectt. Cell/Pers./DDA,23-09-2025,Get Details
05/09/2025,NHAI,"Joint Advisor, Assistant Advisor     – 02 Posts",B.Tech/B.E,–,05-10-2025,Get Details
05/09/2025,PMML,"IT Head, IT Full Stack Developer     – 02 Posts",B.Tech/B.E,–,12-09-2025,Get Details
04/09/2025,IIT Delhi,Project Consultant     – 01 Posts,M.Phil/Ph.D,llTD/lRD/22112025,12-09-2025,Get Details
04/09/2025,ICAR IARI,Young Professional ll     – 01 Posts,LLB,–,26-09-2025,Get Details
04/09/2025,NDMA,Senior Consultant     – 02 Posts,Any Masters Degree,–,16-09-2025,Get Details
04/09/2025,NSIC,Lead     – 02 Posts,"B.Tech/B.E, CA, M.A",NSIC/HR/15/2025,15-09-2025,Get Details
04/09/2025,AIIMS Delhi,Project Technical Support II     – 01 Posts,Diploma,–,16-09-2025,Get Details
04/09/2025,DPCC,Group A     – 14 Posts,"B.Tech/B.E, Diploma, Any Masters Degree, M.E/M.Tech, MCA, M.Phil/Ph.D",–,23-09-2025,Get Details
03/09/2025,NII,Project Coordinator II     – 01 Posts,"B.Tech/B.E, M.Sc",–,16-09-2025,Get Details
03/09/2025,Navy Children School Delhi,"PGT, Account Assistant and More","Any Bachelors Degree, B.Com, B.Tech/B.E, Any Masters Degree",–,10-09-2025,Get Details
03/09/2025,AIIMS Delhi,Project Scientist II     – 01 Posts,"BDS, MBBS, BVSC, M.Phil/Ph.D, MPH",–,15-09-2025,Get Details
03/09/2025,NWDA,Young Professional     – 02 Posts,"M.A, MBA/PGDM",04 12025,30-09-2025,Get Details
03/09/2025,AIIMS Delhi,Project Associate II     – 01 Posts,M.Sc,–,12-09-2025,Get Details
02/09/2025,SFAC,"Young Professional, Project Assistant     – 04 Posts","Any Post Graduate, CA, ICWA",–,12-09-2025,Get Details
02/09/2025,AIIMS Delhi,Junior Research Fellow     – 02 Posts,M.Sc,–,15-09-2025,Get Details
02/09/2025,ECHS,"Medical Officer, Driver and More     – 61 Posts","Any Graduate, B.Sc, MBBS, Diploma, 8TH, MS/MD, DMLT",–,19-09-2025,Get Details
01/09/2025,AIIMS Delhi,Junior Research Fellow     – 02 Posts,M.Sc,–,15-09-2025,Get Details
01/09/2025,ICAR NIPB,Research Associate     – 01 Posts,"M.Sc, M.Phil/Ph.D",–,16-09-2025,Get Details
01/09/2025,MSTC,Medical Advisor     – 02 Posts,"MBBS, MS/MD",–,12-09-2025,Get Details
30/08/2025,NESTS,Data Analyst     – 02 Posts,"M.Sc, MBA/PGDM",–,27-09-2025,Get Details
30/08/2025,ICSI,Consultant     – 1 Posts,B.Tech/B.E,–,17-09-2025,Get Details
30/08/2025,DPCC,Assistant Environmental Engineer     – 8 Posts,B.Tech/B.E,DPCC/(3)(2)(80)/Admn-2025/,19-09-2025,Get Details
30/08/2025,RVNL,"Sr. DGM, Manager     – 05 Posts","Any Graduate, CA",–,28-09-2025,Get Details
30/08/2025,RVNL,Chief Project Manager     – 01 Posts,B.Tech/B.E,–,28-09-2025,Get Details
30/08/2025,RCIL,Senior Solution Architect and Solution Architect     – 03 Posts,"B.Tech/B.E, ITI, CS, M.Sc, MCA",–,22-09-2025,Get Details
30/08/2025,Supreme Court of India,Court Master     – 30 Posts,Any Graduate,–,15-09-2025,Get Details
29/08/2025,ESIC,"Senior Resident, Specialist     – 38 Posts","MBBS, DNB, PG Diploma, MS/MD",–,10-09-2025,Get Details
29/08/2025,Municipal Corporation of Delhi,Senior Resident     – 02 Posts,"MBBS, Diploma, DNB, Any Post Graduate",–,12-09-2025,Get Details
29/08/2025,NHSRC,Consultant,"BDS, MBBS, Any Post Graduate, MPH",–,23-09-2025,Get Details
29/08/2025,ITPO,Young Professional     – 03 Posts,"Any Bachelors Degree, B.Tech/B.E",–,26-09-2025,Get Details
29/08/2025,RITES,Director,"B.Tech/B.E, MBA/PGDM, PG Diploma",77/2025,23-09-2025,Get Details
29/08/2025,NSCD,"Junior Stenographer, Office Assistant     – 02 Posts",12TH,14 / 2025,10-09-2025,Get Details
29/08/2025,Sports Authority of India,Chief Coach     – 30 Posts,Diploma,–,26-09-2025,Get Details
28/08/2025,PNB,Chief Economic Advisor     – 01 Posts,M.A,–,25-09-2025,Get Details
25/08/2025,ILBS,"Professor, Consultant and More     – 171 Posts",Other,–,20-09-2025,Get Details
23/08/2025,KVS,Deputy Commissioner     – 3 Posts,M.Ed,20/2025,23-09-2025,Get Details
23/08/2025,ITPO,Consultant     – 03 Posts,"Any Graduate, MBA/PGDM",–,10-09-2025,Get Details
22/08/2025,DSSSB,"Chauffeur, Despatch Rider cum Process Server     – 20 Posts","12TH, 10TH",F.1(383)/P&P/DSSSB/2024/Advt./3092,24-09-2025,Get Details
21/08/2025,BIS,Young Professionals     – 02 Posts,"B.Sc, B.Tech/B.E, MBA/PGDM",01 (YP)/2025/CRO,13-09-2025,Get Details
18/08/2025,Army Dental Corps,Dental Corps     – 30 Posts,"BDS, Master of Dental Surgery",–,17-09-2025,Get Details
16/08/2025,CDOT,"Hindi Officer, Manager and More     – 04 Posts",Any Graduate,C-DOTD/HR/REC/2025/07/01,14-09-2025,Get Details
14/08/2025,DSSSB,"Security Attendant, Court Attendant, Room Attendant     – 334 Posts","ITI, 10TH",03/2025,24-09-2025,Get Details
14/08/2025,NCRTC,Assistant Manager/ Telecom     – 01 Posts,Diploma,42/2025,13-09-2025,Get Details
14/08/2025,NCRTC,Assistant Manager     – 01 Posts,"B.Tech/B.E, Diploma",NCRTC/HR/Rectt./42/2025,13-09-2025,Get Details
12/08/2025,NDTL,"Scientist B, Section Officer and More     – 03 Posts",Other,–,22-09-2025,Get Details
11/08/2025,NHAI,Young Professional     – 44 Posts,LLB,–,10-09-2025,Get Details
11/08/2025,Delhi Cantonment Board,Junior Engineer     – 04 Posts,Diploma,–,21-09-2025,Get Details
06/08/2025,CDOT,"Manager, Hindi Officer and More     – 03 Posts",Any Masters Degree,–,15-09-2025,Get Details
04/08/2025,DSSSB,"Forest Guard, Caretaker and More     – 615 Posts","Any Graduate, B.A, B.Com, B.Ed, B.Sc, B.Tech/B.E, Diploma, ITI, 12TH, 10TH, CA, CS, ICWA, M.A, M.Sc, M.E/M.Tech, MBA/PGDM, MCA, PG Diploma",02/2025,16-09-2025,Get Details
01/08/2025,Central Employment Exchange,Navigational Assistant Grade III     – 04 Posts,Diploma,06/2025,05-10-2025,Get Details
03/07/2025,NRAA,Director     – 04 Posts,"M.Sc, M.E/M.Tech, MVSC",–,04-10-2025,Get Details
30/05/2025,BSF,"Deputy Chief Engineer, Senior Aircraft Maintenance Engineer     – 09 Posts",B.Tech/B.E,–,30-11-2025,Get Details
08/09/2025,Goa PSC,Junior Scale Officer     – 38 Posts,Any Graduate,09 YEAR 2025,19-09-2025,Get Details
05/09/2025,Goa PSC,Junior Scale Officer     – 38 Posts,Any Graduate,09 YEAR 2025,19-09-2025,Get Details
04/09/2025,IIT Goa,Sports Coaches     – 05 Posts,Any Graduate,–,16-09-2025,Get Details
04/09/2025,Institute of Shipbuilding Technology,Accountant     – 01 Posts,"B.A, B.Com",–,01-10-2025,Get Details
03/09/2025,GHB,"Junior Engineer, MTS and More     – 04 Posts","B.Tech/B.E, Diploma, 10TH",–,22-09-2025,Get Details
25/08/2025,GSL,Management Trainee     – 32 Posts,"B.Tech/B.E, CA",06/2025,24-09-2025,Get Details
21/08/2025,GSL,"Junior Project Executive, Management Trainee     – 62 Posts",B.Tech/B.E,–,24-09-2025,Get Details
10/09/2025,AIIMS Rajkot,Senior Project Assistant     – 01 Posts,B.Sc,AIIMS/RAJKOT/EM/17/ICMR/NCTB/2025/22,24-09-2025,Get Details
10/09/2025,CCI,"Field Staff, Office Staff","Any Graduate, B.Com, B.Sc",–,24-09-2025,Get Details
10/09/2025,AIIMS Rajkot,Senior Residents     – 57 Posts,"DNB, MS, M.Phil/Ph.D, MS/MD",AIIMS/RAJKOT/ACAD/SR/2313,06-10-2025,Get Details
09/09/2025,GSSSB,Municipal Sanitary Inspector     – 75 Posts,"Diploma, ITI, 12TH",349/202526,15-09-2025,Get Details
09/09/2025,Arogyasathi Gujarat,"Psychologist, Optometrist and Other     – 04 Posts","B.Sc, BASLP, M.A",–,15-09-2025,Get Details
08/09/2025,Sabar Dairy,"Trainee Junior Assistant, Trainee Technician and More","Any Graduate, B.Com, B.Sc, B.Tech/B.E, Diploma, ITI, M.Com, MBA/PGDM",–,17-09-2025,Get Details
08/09/2025,CCI,"Semi Skilled, Un Skilled",Other,–,25-09-2025,Get Details
08/09/2025,GTU,"Professor, Associate Professor and More     – 14 Posts","Any Bachelors Degree, B.Tech/B.E, Any Masters Degree, M.E/M.Tech, MS, M.Phil/Ph.D, BS",07/2025,24-09-2025,Get Details
08/09/2025,GTU,"Assistant Librarian, Laboratory Technician     – 05 Posts","B.Com, B.Tech/B.E, Diploma, M.Lib",08/2025,24-09-2025,Get Details
06/09/2025,CCI,"Field Staff, Office Staff","B.Com, B.Sc",CCI/AHD/HRD/Temp. Rectt./2025-26/,23-09-2025,Get Details
05/09/2025,IFSCA,Officer Grade A (Assistant Manager)     – 20 Posts,Not mentioned,–,25-09-2025,Get Details
04/09/2025,IIT Gandhinagar,AI Engineer     – 02 Posts,"B.Tech/B.E, M.E/M.Tech",–,10-09-2025,Get Details
04/09/2025,AIIMS Rajkot,Senior Project Assistant     – 01 Posts,B.Sc,AIIMS/RAJKOT/EM/18/ICMR/CPLI/2025/22,24-09-2025,Get Details
04/09/2025,CSIR CSMCRI,Project Associate I     – 01 Posts,M.Sc,–,10-09-2025,Get Details
03/09/2025,IIT Gandhinagar,Counseling Psychologist     – 02 Posts,"B.Sc, M.Sc",–,10-09-2025,Get Details
03/09/2025,CSIR CSMCRI,"Project Associate, Project Assistant and More     – 04 Posts",M.Sc,APBD/ HCP0024/2025/02,18-09-2025,Get Details
03/09/2025,CCI,Semi skilled and Un Skilled,Other,–,24-09-2025,Get Details
02/09/2025,KRCL,Road Mobile Crane Operator     – 1 Posts,8TH,–,22-09-2025,Get Details
02/09/2025,GSSSB,Dental Technician     – 01 Posts,Diploma,352/202526,10-09-2025,Get Details
02/09/2025,CSIR CSMCRI,Project Associate I     – 01 Posts,M.Sc,–,17-09-2025,Get Details
02/09/2025,GSSSB,Royalty Inspector     – 02 Posts,"B.Tech/B.E, M.Sc",353/202526,10-09-2025,Get Details
02/09/2025,ISRO SAC,"Project Associate, Project Scientist     – 13 Posts","B.Tech/B.E, M.Sc, M.E/M.Tech, M.Phil/Ph.D",SAC:01:2025,22-09-2025,Get Details
30/08/2025,KRIBHCO,"Chief Manager, Senior Manager     – 03 Posts",B.Tech/B.E,–,21-09-2025,Get Details
26/08/2025,GSSSB,Additional Assistant Engineer     – 15 Posts,Diploma,348/202526,11-09-2025,Get Details
26/08/2025,GSSSB,"X-Ray Assistant, Fireman cum Driver     – 53 Posts","12TH, 10TH",346/202526 & 347/202526,15-09-2025,Get Details
22/08/2025,CSIR CSMCRI,Project Associate     – 1 Posts,M.Sc,–,10-09-2025,Get Details
09/09/2025,NRHM Haryana,"Medical Officer, Nurse and Other     – 05 Posts","Any Graduate, B.A, B.Sc, MBBS, BSW, GNM",NRHM/AMB/2024-25/1267,19-09-2025,Get Details
08/09/2025,HPSC,"Treasury Officer, Assistant Treasury Officer     – 54 Posts",Any Graduate,23/2023,12-09-2025,Get Details
05/09/2025,RITES,IT Professionals     – 1 Posts,"B.Tech/B.E, MCA",–,06-10-2025,Get Details
04/09/2025,THSTI,Project Associate I     – 01 Posts,M.Sc,–,23-10-2025,Get Details
03/09/2025,THSTI,"DEO,Project Research Scientist I     – 02 Posts","Any Graduate, BDS, B.Pharma, B.Sc, MBBS, BVSC, BAMS, BUMS, BPT, BHMS, D.Pharm, BSMS",–,22-09-2025,Get Details
30/08/2025,HPPA,"Mobile Application Developer, Business Analyst and More     – 04 Posts","Any Bachelors Degree, M.E/M.Tech, MBA/PGDM, MCA",–,12-09-2025,Get Details
28/08/2025,RITES,"Manager, Assistant Manager and More     – 06 Posts","B.Arch, B.Tech/B.E, Any Post Graduate, M.E/M.Tech, MBA/PGDM",–,30-09-2025,Get Details
28/08/2025,BEL,"Field Operation Engineer, Project Engineer     – 22 Posts","B.Sc, B.Tech/B.E","2025-26/08/PK/FOE, PE/003",11-09-2025,Get Details
28/08/2025,HPSC,Executive Officer     – 05 Posts,LLB,2112025,18-09-2025,Get Details
26/08/2025,RITES,Resident Lab Technician     – 03 Posts,"B.Sc, B.Tech/B.E, M.Sc",–,14-09-2025,Get Details
25/08/2025,ICAR IIWBR,"SRF, Field Work and More     – 02 Posts","Any Bachelors Degree, M.Sc, M.Phil/Ph.D",–,11-09-2025,Get Details
21/08/2025,HPSC,Assistant Environmental Engineer     – 29 Posts,B.Tech/B.E,20 of 2025,10-09-2025,Get Details
18/08/2025,NIT Kurukshetra,"Deputy Registrar, Medical Officer and More     – 06 Posts","B.Tech/B.E, MBBS, Any Masters Degree, M.A, M.Sc",20/2025,30-09-2025,Get Details
18/08/2025,NIT Kurukshetra,"Junior Engineer, Stenographer and More     – 46 Posts","Any Graduate, B.A, B.Com, B.Sc, B.Tech/B.E, ITI, 12TH",21/2025,30-09-2025,Get Details
22/05/2025,WAPCOS,Expert,"B.Arch, B.Tech/B.E, Diploma, Any Masters Degree, CA, M.A, M.E/M.Tech, MBA/PGDM, MCA, M.Plan",–,31-03-2026,Get Details
01/09/2025,HPRCA,TGT     – 937 Posts,"B.A, B.Com, B.Ed, B.Sc, Any Post Graduate, M.Ed, M.Sc, B.El.Ed",01/2025,15-09-2025,Get Details
01/09/2025,CSK HPKV,Teaching,"Any Masters Degree, M.Phil/Ph.D",–,10-09-2025,Get Details
30/08/2025,HPPSC,Assistant Director     – 02 Posts,"B.Sc, M.Sc",40/8-2025,26-09-2025,Get Details
28/08/2025,AIIMS Bilaspur,Faculty     – 90 Posts,"MBBS, M.Sc, MS, M.Phil/Ph.D, Master of Dental Surgery, MS/MD, MHA, M.Ch, DM",AIIMS-BLS(B-I)(2)(5)(Vol-V)/25-3325,29-09-2025,Get Details
28/08/2025,RKGMC Hamirpur,Junior Resident     – 26 Posts,Other,–,12-09-2025,Get Details
19/08/2025,HPRCA,"Laboratory Assistant, Statiscal Assistant and Other     – 76 Posts","Any Bachelors Degree, B.A, B.Com, B.Sc, 12TH, 10TH",03/202,30-09-2025,Get Details
14/08/2025,HPRCA,Junior Basic Teacher     – 600 Posts,"Diploma, 12TH, Any Post Graduate, B.El.Ed, D.El.Ed",02/2025,17-09-2025,Get Details
12/08/2025,SJVN,"Assistant, Workmen Trainee     – 13 Posts",Any Graduate,123/2025,10-09-2025,Get Details
03/09/2025,IIT Jammu,Project Assistant     – 01 Posts,"B.Sc, M.Sc",IITJMU/R&C/ RP-100310/A-138,14-09-2025,Get Details
03/09/2025,JKSSB,"Staff Nurse, Junior Pharmacist and More     – 621 Posts","Any Graduate, B.Pharma, B.Sc, B.Tech/B.E, Diploma, 12TH, 10TH, D.Pharm",07 of 2025,18-09-2025,Get Details
01/09/2025,Prasar Bharati,Part Time Correspondent,"Any Bachelors Degree, PG Diploma",–,14-09-2025,Get Details
10/09/2025,IIT ISM Dhanbad,Non Teaching     – 10 Posts,"B.Sc, Diploma, B.Lib, M.Sc, M.Lib",–,24-10-2025,Get Details
06/09/2025,AIR Ranchi,Casual Broadcast Assistant,Any Graduate,RAN/RNU/BROADCAST ASSISTANT(1)/2025,10-09-2025,Get Details
05/09/2025,IIT ISM Dhanbad,Project Associate I     – 01 Posts,"B.Tech/B.E, M.E/M.Tech",–,19-09-2025,Get Details
03/09/2025,IIT ISM Dhanbad,Research Assistant     – 01 Posts,B.Tech/B.E,–,30-09-2025,Get Details
03/09/2025,District Ayush Society Koderma,District Programme Manager     – 01 Posts,"Any Graduate, Any Post Graduate, MBA/PGDM",–,20-09-2025,Get Details
02/09/2025,JPSC,Director     – 01 Posts,"B.Tech/B.E, M.A, M.Sc, MCA",07/2025,03-10-2025,Get Details
01/09/2025,AIIMS Deoghar,Lab Technician     – 01 Posts,"B.Sc, DMLT, MLT",–,14-09-2025,Get Details
26/08/2025,MECON,"DGM, GM     – 02 Posts","Any Post Graduate, M.A, MBA/PGDM, PG Diploma, MSW",–,24-09-2025,Get Details
22/08/2025,UCIL,"Mangement Trainee, Diploma Trainee, Graduate Operational Trainee     – 99 Posts","B.Sc, B.Tech/B.E, Diploma, MBA/PGDM, PG Diploma",UCIL-06-2025,24-09-2025,Get Details
16/08/2025,ECL,ITI Apprentices     – 280 Posts,ITI,–,26-09-2025,Get Details
13/08/2025,JSSC,Female Health Worker     – 3181 Posts,ANM,03/2025 and 04/2025,10-09-2025,Get Details
10/09/2025,WCD Dakshina Kannada,"Anganwadi Worker, Anganwadi Helper     – 277 Posts","12TH, 10TH",–,10-10-2025,Get Details
09/09/2025,Bangalore University,Guest Faculty,M.Phil/Ph.D,–,14-09-2025,Get Details
03/09/2025,KHPT,Deputy Chief Executive Officer,Any Masters Degree,–,30-09-2025,Get Details
03/09/2025,BHEL,Project Supervisors     – 05 Posts,Diploma,FTA 02/2025,19-09-2025,Get Details
03/09/2025,HLL,Safety Officer     – 01 Posts,"B.Sc, B.Tech/B.E",–,17-09-2025,Get Details
02/09/2025,BEL,"Trainee Engineer, Project Engineer and More     – 16 Posts","B.Sc, B.Tech/B.E, M.Sc, MCA",383/HR/HLS&SCB/2025-26,17-09-2025,Get Details
30/08/2025,CCI,"Field Assistant, Office Clerk","Any Graduate, B.Com, B.Sc",–,18-09-2025,Get Details
30/08/2025,ESIC,"Assistant Engineer, Junior Engineer     – 07 Posts","B.Tech/B.E, Diploma",–,15-09-2025,Get Details
29/08/2025,WAPCOS,"Team Leader, Site Engineer and More     – 16 Posts","Any Graduate, B.Tech/B.E, Any Post Graduate, M.E/M.Tech",–,11-09-2025,Get Details
28/08/2025,BEL,"Project Engineer I, Trainee Engineer I     – 03 Posts","B.Sc, B.Tech/B.E",11056050/HR/PE&TE/2025/01,13-09-2025,Get Details
21/08/2025,ISRO NSIL,Chairman cum Managing Director,"Any Graduate, B.Sc, B.Tech/B.E, MBA/PGDM, PG Diploma",DS_IX-14011/1/2024-Section_9-DOS,11-09-2025,Get Details
16/08/2025,RMS Bengaluru,Assistant Master     – 01 Posts,Any Bachelors Degree,–,12-09-2025,Get Details
11/08/2025,HPCL,Fixed Term Project Associates,"B.Sc, B.Tech/B.E, Diploma, M.Sc, PG Diploma",–,14-09-2025,Get Details
10/09/2025,Cochin Port Authority,Gardening Supervisor     – 01 Posts,10TH,A/Contract/Gardening Supervisor/2025/S,30-09-2025,Get Details
10/09/2025,CSL,Apprentices     – 140 Posts,"B.Tech/B.E, Diploma",CSL/P&A/APPE/SEL. DESIGNTD/DEGREE_DIPLOMA_2023_2024/2023/4,25-09-2025,Get Details
09/09/2025,ESIC Ernakulam,"Senior Resident, Specialist and Other     – 23 Posts","MBBS, DNB, MS/MD, M.Ch, DM",543.A-12/16/1/2024-Adm(Rectt),18-09-2025,Get Details
09/09/2025,Spices Board,Consultant Assistant     – 01 Posts,"Any Graduate, Diploma",30/2025,23-09-2025,Get Details
09/09/2025,KSRTC,Executive Engineer     – 01 Posts,B.Tech/B.E,–,13-09-2025,Get Details
08/09/2025,Central University of Kerala,Project Fellow     – 02 Posts,M.Sc,–,19-09-2025,Get Details
08/09/2025,KSRTC SWIFT,Driver cum Conductor,10TH,–,15-09-2025,Get Details
08/09/2025,CMD Kerala,"Assistant Project Manager, Junior Engineer     – 09 Posts","B.Tech/B.E, Diploma",CMD/KSITIL/PMU/01/2025,16-09-2025,Get Details
04/09/2025,FACT,Apprentice     – 84 Posts,"B.Tech/B.E, Diploma",–,20-09-2025,Get Details
03/09/2025,NABFINS,Customer Service Officer,12TH,–,25-09-2025,Get Details
03/09/2025,HLL,Vice President     – 01 Posts,MBA/PGDM,–,17-09-2025,Get Details
03/09/2025,SCTIMST,Apprentice in Patient Management Services     – 10 Posts,"B.Sc, BSW",–,10-09-2025,Get Details
03/09/2025,NIELIT,Project Engineer     – 01 Posts,B.Tech/B.E,3(133)/97/CONTRACT/RECTT/2025/11,12-09-2025,Get Details
02/09/2025,IIM Kozhikode,Hostel Warden     – 02 Posts,Any Graduate,–,10-09-2025,Get Details
02/09/2025,Cochin Port Authority,Gardening Supervisor     – 01 Posts,10TH,–,30-09-2025,Get Details
02/09/2025,BEL,"Field Operation Engineer, Project Engineer- I     – 67 Posts","B.Sc, B.Tech/B.E, M.E/M.Tech",383/HR/HLS&SCB/2025-26,17-09-2025,Get Details
02/09/2025,ESIC,"Specialist, Senior Residents     – 21 Posts","BDS, MBBS, Diploma, DNB, Any Post Graduate, PG Diploma",–,10-09-2025,Get Details
02/09/2025,KDRB,"Peon, LDC and More     – 312 Posts","Any Graduate, B.Ed, B.Sc, Diploma, B.Lib, 12TH, 10TH, M.A, M.Sc, 7th",–,30-09-2025,Get Details
30/08/2025,KIIFB,Project Engineer,B.Tech/B.E,CMD/KIIFB/PAD/06/2025,11-09-2025,Get Details
30/08/2025,NAM Kerala,"Ayurveda Therapist, Multipurpose Worker     – 06 Posts",ANM,NAM/DPMSU/EKM-28/2025,10-09-2025,Get Details
28/08/2025,CIFNET,Guest Lecturer     – 01 Posts,"B.Sc, BSW",–,10-09-2025,Get Details
28/08/2025,Spices Board,Accounts Trainee     – 02 Posts,B.Com,–,11-09-2025,Get Details
26/08/2025,DRDO,Junior Research Fellow     – 05 Posts,"B.Tech/B.E, M.Sc, M.E/M.Tech",–,11-10-2025,Get Details
26/08/2025,NIELIT,Project Engineer     – 01 Posts,B.Tech/B.E,3(133)/97/CONTRACT/RECTT/2025/11,12-09-2025,Get Details
23/08/2025,NIELIT,Project Engineer     – 01 Posts,B.Tech/B.E,–,12-09-2025,Get Details
19/08/2025,Cochin Port Authority,Secretarial Assistant     – 03 Posts,Any Bachelors Degree,–,12-09-2025,Get Details
06/08/2025,Kerala PSC,Deputy Superintendent of Police (Trainee)     – 02 Posts,Any Graduate,265/2025,10-09-2025,Get Details
09/09/2025,MP High Court,"Chief, Deputy Chief  Legal Aid Defense Counsels and more     – 06 Posts","LLM, M.Phil/Ph.D",–,26-09-2025,Get Details
08/09/2025,IGNTU,Research Associate     – 01 Posts,M.Phil/Ph.D,–,29-09-2025,Get Details
08/09/2025,IGNTU,Assistant Professor     – 01 Posts,M.Phil/Ph.D,–,29-09-2025,Get Details
08/09/2025,DHSGSU,Junior Research Fellow     – 01 Posts,"M.Sc, M.E/M.Tech",PRO/DST/AKS-05-25,18-09-2025,Get Details
05/09/2025,MP High Court,Assistant Librarian     – 02 Posts,"LLB, M.Lib, PGDCA",–,22-09-2025,Get Details
05/09/2025,MPPSC,District Public Health Nurse Officer     – 12 Posts,"B.Sc, M.Sc, PG Diploma",05/2025,24-10-2025,Get Details
03/09/2025,MPESB,Group 2 Sub Group 3     – 339 Posts,Any Bachelors Degree,–,23-09-2025,Get Details
29/08/2025,AIIMS Bhopal,Block Field Monitors     – 27 Posts,Any Graduate,05 AIIMS/BPL/CFM/AMK/CSAM & AMB/Recruitment/,10-09-2025,Get Details
21/08/2025,MPMRCL,Advisor     – 01 Posts,Any Graduate,3892/HRD/MPMRCL-069/2025,26-09-2025,Get Details
10/09/2025,TMC,Medical Officer     – 08 Posts,"DNB, MS",TMC/PUNJAB/AD/07/2025,10-10-2025,Get Details
10/09/2025,ACTREC,"Consultant, Assistant Professor and More     – 44 Posts","BDS, MBBS, DNB, MS, MS/MD, MHA, M.Ch, DM",ACTREC/ADVT/A-13/2025,10-10-2025,Get Details
10/09/2025,IIPS,Junior Research Officer     – 24 Posts,M.Sc,–,21-09-2025,Get Details
09/09/2025,NMMC,"Staff Nurse, ANM     – 17 Posts","B.Sc, GNM, ANM",–,11-09-2025,Get Details
09/09/2025,TMC,Senior Research Fellow     – 01 Posts,M.Sc,–,12-09-2025,Get Details
09/09/2025,ECHS,Nursing Assistant     – 01 Posts,"Diploma, GNM",–,14-09-2025,Get Details
09/09/2025,MCGM,"Pharmacist, Social Development Officer     – 05 Posts","B.Pharma, D.Pharm",–,12-09-2025,Get Details
09/09/2025,Mumbai Port Authority,Medical Officer     – 06 Posts,"MBBS, Diploma, DNB, MS/MD",–,10-09-2025,Get Details
09/09/2025,HAL,"Arthroscopy Surgeon, Neurosurgeon and More     – 13 Posts","MBBS, MS/MD",–,17-09-2025,Get Details
08/09/2025,HCL,Trade Apprentice     – 10 Posts,"ITI, 10TH, 8TH",HCL/TCP/HR/APP/2025,30-09-2025,Get Details
06/09/2025,Shipping Corporation of India,"Assistant Manager, Executive     – 75 Posts","B.Arch, B.B.A, B.Tech/B.E, CS, MBA/PGDM",06/2025,27-09-2025,Get Details
06/09/2025,ACTREC,Research Assistant,"M.Sc, M.E/M.Tech",ACTREC/ADVT-161/2025,10-09-2025,Get Details
05/09/2025,IOCL,Junior Engineer     – Available Soon,Diploma,–,24-09-2025,Get Details
05/09/2025,IGIDR,"Professor, Associate Professor     – 04 Posts",Other,IGIDR/Faculty/2025/02,15-09-2025,Get Details
05/09/2025,PMC,"Microbiologist, Technical Officer and More     – 08 Posts","Any Graduate, BDS, B.Sc, MBBS, BAMS, DNB, BUMS, BPT, Any Post Graduate, MBA/PGDM, MVSC, MS/MD, BMLT",–,12-09-2025,Get Details
05/09/2025,NMC Nagpur,"Pediatrician, Medical Officer and More     – 09 Posts","MBBS, MS/MD",–,15-09-2025,Get Details
05/09/2025,PMC,"Professor, Senior Resident and More     – 52 Posts",Other,–,10-09-2025,Get Details
05/09/2025,SIDBI,"Deputy CTO, ACO     – 02 Posts","Any Graduate, B.Tech/B.E, Any Post Graduate, MBA/PGDM, PG Diploma",07/ 2025-26,26-09-2025,Get Details
05/09/2025,HAL,Apprenticeship     – 278 Posts,"B.A, B.Com, B.Pharma, B.Sc, B.Tech/B.E, Diploma",HAL/T&D/1614/2025-26/303,18-09-2025,Get Details
05/09/2025,MCGM,"Pharmacist, Social Development Officer     – 03 Posts","Diploma, MSW",–,19-09-2025,Get Details
04/09/2025,ACTREC,Research Assistant,"M.Sc, M.E/M.Tech",ACTREC/ADVT-163/2025,12-09-2025,Get Details
04/09/2025,ACTREC,Research Assistant,"M.Sc, M.E/M.Tech",–,10-09-2025,Get Details
03/09/2025,NPCIL,Specialist Medical Officers     – 03 Posts,"PG Diploma, MS/MD",NPCIL/TMS/HRM/FTA/01/2025,15-09-2025,Get Details
03/09/2025,ACTREC,Project Research Scientist I,"Any Post Graduate, M.Phil/Ph.D",ACTREC/ADVT-171/2025,11-09-2025,Get Details
03/09/2025,LIC HFL,"Full stack Developer, SAP Professional     – 02 Posts","B.Sc, B.Tech/B.E, M.E/M.Tech, MCA",–,15-09-2025,Get Details
03/09/2025,TMC,Adhoc Assistant Professor E     – 02 Posts,"MS/MD, DM",112 /2025,12-09-2025,Get Details
02/09/2025,CCI,"Temporary Field Assistant, Temporary Office Assistants","Any Graduate, B.Com, B.Sc",–,24-09-2025,Get Details
02/09/2025,HAL,ITI Apprentice     – 310 Posts,ITI,HAL/T&D/1614/2025-26/290,12-09-2025,Get Details
02/09/2025,ACTREC,Trial Coordinator,M.Sc,ACTREC/ADVT-176/2025,10-09-2025,Get Details
02/09/2025,Bombay High Court,Cook cum Peon     – 01 Posts,7th,–,21-09-2025,Get Details
02/09/2025,Thane Municipal Corporation,"Microbiologist, Food safety expert and More     – 23 Posts","BDS, B.Sc, MBBS, Diploma, DNB, M.Sc, M.Phil/Ph.D, MS/MD, MPH",–,12-09-2025,Get Details
30/08/2025,AIIMS Nagpur,Senior Medical Physicist     – 01 Posts,M.Sc,–,13-09-2025,Get Details
30/08/2025,AIIMS Nagpur,"Medical Physicist, Senior Medical Physicist     – 03 Posts",M.Sc,–,10-09-2025,Get Details
29/08/2025,Directorate General of Shipping Mumbai,Radio Officer,12TH,–,15-09-2025,Get Details
29/08/2025,RCFL,Apprentice     – 325 Posts,"Any Graduate, B.B.A, B.Com, B.Sc, Diploma, 12TH",–,12-09-2025,Get Details
29/08/2025,BECIL,Food Analyst     – 02 Posts,Other,522,12-09-2025,Get Details
26/08/2025,ECHS,Nursing Assistant     – 01 Posts,"Diploma, GNM",–,14-09-2025,Get Details
26/08/2025,TIFR,"Administrative Assistant B, Work Assistant     – 02 Posts","Any Graduate, 10TH",2025-03,22-09-2025,Get Details
26/08/2025,MRVC,AGM/ JGM/ DGM     – 01 Posts,B.Tech/B.E,–,20-09-2025,Get Details
25/08/2025,Naval Dockyard Mumbai,Apprentice     – 286 Posts,"ITI, 10TH, 8TH",–,13-09-2025,Get Details
25/08/2025,Mumbai Port Authority,"Chief Manager, Manager and More     – 15 Posts",Other,05/2025,23-09-2025,Get Details
23/08/2025,MBMC,"Junior Engineer, Fireman and More     – 358 Posts","Any Graduate, B.Com, B.Pharma, B.Tech/B.E, B.Lib, 10TH, MCA",1484 / 2025-26,12-09-2025,Get Details
21/08/2025,AIIMS Nagpur,Faculty (Group A)     – 116 Posts,"MBBS, Any Post Graduate, M.Sc, M.Phil/Ph.D, MS/MD, M.Ch, DM",AIIMS/NGP/Admin I/Faculty/2025/02,29-09-2025,Get Details
13/08/2025,BMC,Contractual Paramedical Worker     – 10 Posts,12TH,–,10-09-2025,Get Details
17/07/2025,Indian Bureau of Mines,Deputy Mineral Economist     – 10 Posts,"Any Bachelors Degree, Any Masters Degree",–,13-09-2025,Get Details
30/05/2025,SIDBI SVCL,Company Secretary cum Compliance Officer,Other,05 / 2025 - 26,29-05-2026,Get Details
30/05/2025,SIDBI SVCL,"Investment Associate, Vice President and More",Any Graduate,–,29-05-2026,Get Details
30/05/2025,SIDBI SVCL,Legal Officer,LLB,06 / 2025 - 26,29-05-2026,Get Details
10/09/2025,MeECL,Apprentice     – 01 Posts,Other,–,30-09-2025,Get Details
09/09/2025,NEHU,Project Assistant     – 01 Posts,B.Tech/B.E,–,20-09-2025,Get Details
05/09/2025,NIT Meghalaya,Non Teaching     – 05 Posts,"Any Bachelors Degree, ITI, 12TH, Any Masters Degree, M.Sc, M.P.Ed",–,21-10-2025,Get Details
04/09/2025,SSA North Garo Hills,Academic Resource Person     – 03 Posts,"M.A, M.Sc",–,15-09-2025,Get Details
03/09/2025,SSA Meghalaya,Academic Resource Person     – 02 Posts,M.Sc,–,10-09-2025,Get Details
30/08/2025,NEIGRIHMS,Project Technical Support III     – 1 Posts,"B.Sc, M.Sc",–,23-09-2025,Get Details
16/08/2025,Assam Rifles,Rifleman/ Riflewomen     – 69 Posts,10TH,–,15-09-2025,Get Details
10/09/2025,Mizoram PSC,Sub Inspector     – 25 Posts,Any Graduate,–,08-10-2025,Get Details
09/09/2025,Mizoram University,Guest Lecturer     – 01 Posts,M.Phil/Ph.D,–,11-09-2025,Get Details
29/08/2025,Mizoram PSC,Assistant Controller     – 01 Posts,"B.Sc, B.Tech/B.E",–,26-09-2025,Get Details
25/08/2025,Mizoram PSC,Junior Engineer     – 2 Posts,Diploma,25 of 2025 - 2026,18-09-2025,Get Details
22/08/2025,Mizoram PSC,Junior Engineer     – 02 Posts,Diploma,26 of 2025 - 2026,19-09-2025,Get Details
02/09/2025,Gauhati High Court,Multi Tasking Staff     – 02 Posts,"12TH, 8TH",–,23-09-2025,Get Details
10/09/2025,Haldi Higher Secondary School,Guest Faculty,Other,03,15-09-2025,Get Details
10/09/2025,OAV,"PGT, TGT and More",B.Ed,–,12-09-2025,Get Details
09/09/2025,Junabhadra College Bitana,Guest Faculty,Other,–,17-09-2025,Get Details
08/09/2025,ITR DRDO,Graduate Technician Apprentice     – 54 Posts,"B.B.A, B.Com, B.Tech/B.E, Diploma",ITR/HRD/AT/10/2025,20-10-2025,Get Details
05/09/2025,Odisha Balasore District Forest Division,Subject Matter Specialist     – 01 Posts,"Any Graduate, BVSC, Any Post Graduate",–,20-09-2025,Get Details
05/09/2025,CUO,Guest Faculty     – 10 Posts,"Any Bachelors Degree, B.Tech/B.E, Any Masters Degree, M.E/M.Tech, M.Phil/Ph.D",–,12-09-2025,Get Details
04/09/2025,High Court of Orissa,Junior Stenographer     – 25 Posts,Any Bachelors Degree,05/2025,09-10-2025,Get Details
04/09/2025,WCD Odisha,Anganwadi Helper     – 07 Posts,12TH,–,21-09-2025,Get Details
03/09/2025,WCD Odisha,Anganwadi Helper     – 09 Posts,12TH,–,17-09-2025,Get Details
03/09/2025,Balasore District,Legal Retainer,Other,–,11-09-2025,Get Details
02/09/2025,OAV Tileibani,Warden     – 01 Posts,"B.A, B.Sc",–,15-09-2025,Get Details
02/09/2025,WCD Odisha,Anganwadi Worker     – 02 Posts,12TH,–,16-09-2025,Get Details
02/09/2025,OAV,"Warden, Head Cook and More     – 05 Posts","B.A, B.Sc, 12TH",–,20-09-2025,Get Details
01/09/2025,PM Shri Bapuji Govt HSS Nabarangpur,Guest Faculty,"B.Ed, Any Masters Degree",01/2025,15-09-2025,Get Details
01/09/2025,GHSS Kangra,Guest faculties,"B.Ed, Any Masters Degree, PGDCA",01/2025,15-09-2025,Get Details
01/09/2025,OAV,"Warden, Head Cook and More     – 05 Posts","B.A, B.Sc",04/2025,15-09-2025,Get Details
30/08/2025,OAV,"Warden, Head Cook and More     – 05 Posts","B.A, B.Sc, 12TH",–,10-09-2025,Get Details
29/08/2025,NHM Balasore,"Psychiatric Nurse, Yoga Instructor and More     – 06 Posts","B.Com, B.Sc, Diploma, BSW, M.A, PG Diploma",13561,16-09-2025,Get Details
28/08/2025,GHSS Sindhigam,Guest Faculty,"B.Ed, Any Masters Degree",1/25,15-09-2025,Get Details
28/08/2025,GHSS Kosagumuda,Guest Faculty,Other,02,15-09-2025,Get Details
28/08/2025,NGHSS Bodak,Guest Faculty,Other,001,10-09-2025,Get Details
28/08/2025,OAV,Guest Teachers,"B.Tech/B.E, M.Sc, MCA, PGDCA",02/2025,11-09-2025,Get Details
26/08/2025,CDMO Khordha,"Counselor, Urban Data Manager and More     – 06 Posts",Other,–,17-09-2025,Get Details
26/08/2025,OAV,"Warden, Head Cook and More     – 10 Posts","B.A, B.Sc",–,10-09-2025,Get Details
26/08/2025,Boudh District,Supply Assistant     – 01 Posts,Other,–,12-09-2025,Get Details
23/08/2025,Sainik School Sambalpur,"PGT, LDC, TGT     – 7 Posts","B.Ed, M.Ed, M.Sc, M.E/M.Tech, MCA",–,12-09-2025,Get Details
21/08/2025,IIM Sambalpur,Non Teaching     – 05 Posts,"Any Graduate, Any Post Graduate",ADVT/IIMSBP/2025/Aug/15,10-09-2025,Get Details
29/07/2025,OSAP,Gurkha Sepoy     – 135 Posts,"12TH, 7th",–,10-09-2025,Get Details
09/09/2025,JIPMER,Junior Resident     – 02 Posts,BDS,–,29-09-2025,Get Details
14/08/2025,Puducherry Police,Sub-Inspector of Police     – 70 Posts,Any Graduate,–,12-09-2025,Get Details
14/08/2025,Puducherry Police,Police Constable     – 148 Posts,12TH,–,12-09-2025,Get Details
14/08/2025,JIPMER,Project Nurse II     – 03 Posts,"B.Sc, GNM",IIRPSG-2024-01-03350-6,26-09-2025,Get Details
13/08/2025,JIPMER,Faculty     – 98 Posts,"MBBS, Any Masters Degree, M.A, M.Sc, M.Phil/Ph.D, Master of Dental Surgery, MS/MD, MPH, M.Ch, DM",–,18-09-2025,Get Details
10/09/2025,Prasar Bharati,News Reader cum Translator,Any Graduate,–,25-10-2025,Get Details
10/09/2025,AIIMS Bathinda,Faculty     – 80 Posts,"MS/MD, M.Ch, DM",AIIMS/BTI/RC/Faculty/2042,24-09-2025,Get Details
10/09/2025,PPSC,Agriculture Development Officer     – 07 Posts,B.Sc,20252,30-09-2025,Get Details
09/09/2025,Barnala District Court,"Clerk, Stenographer Grade III     – 32 Posts","B.Com, B.Sc",–,25-09-2025,Get Details
08/09/2025,AIIMS Bathinda,Project Assistant     – 01 Posts,"B.Sc, Diploma",–,12-09-2025,Get Details
03/09/2025,Ayushman Arogya Kendras Sangrur,Yoga Instructor,Diploma,–,12-09-2025,Get Details
02/09/2025,PSPCL,Director,B.Tech/B.E,–,30-09-2025,Get Details
01/09/2025,BFUHS,Staff Nurse     – 406 Posts,GNM,BFU-25/20,12-09-2025,Get Details
01/09/2025,BFUHS,Multipurpose Health Worker (MPHW)     – 270 Posts,Diploma,–,12-09-2025,Get Details
28/08/2025,NIT Jalandhar,"Technical Assistant, Junior Assistant and More     – 58 Posts","B.Tech/B.E, MCA",01/2025 to 12/2025,27-09-2025,Get Details
25/08/2025,BFUHS,"Associate Professor, Medical Officer and More     – 08 Posts","MBBS, M.Sc, M.Phil/Ph.D",BFU-25/22,12-09-2025,Get Details
31/07/2025,Punjab Education Recruitment Board,"PRT, TGT     – 725 Posts","Any Graduate, B.Ed, Diploma, D.El.Ed",–,30-09-2025,Get Details
10/09/2025,BITS Pilani,Faculty,Any Graduate,–,05-10-2025,Get Details
09/09/2025,APS Jaipur,"PGT, Driver and Other     – 16 Posts",Other,–,24-09-2025,Get Details
06/09/2025,Rajasthan Police,Constable     – 167 Posts,12TH,–,01-10-2025,Get Details
05/09/2025,Sainik School Jhunjhunu,"PGT, TGT and More","Any Graduate, B.Ed, MBBS, Any Post Graduate",–,27-09-2025,Get Details
05/09/2025,Central Bank of India,BC Supervisor,"B.Tech/B.E, M.Sc, MBA/PGDM, MCA",–,18-09-2025,Get Details
02/09/2025,ICMR NIIRNCD,Consultant     – 01 Posts,"M.Phil/Ph.D, MS/MD",–,15-09-2025,Get Details
01/09/2025,CCI,"Field Assistant, Office Assistant","Any Graduate, B.Com, B.Sc",–,23-09-2025,Get Details
30/08/2025,AIIMS Jodhpur,Project Technical Support Staff III     – 01 Posts,"Any Graduate, M.Sc",–,15-09-2025,Get Details
30/08/2025,AIIMS Jodhpur,Faculty     – 109 Posts,"M.Phil/Ph.D, Master of Dental Surgery, MS/MD, M.Ch, DM",Admn/Faculty/ 07/2025-AIIMS.JDH,24-09-2025,Get Details
28/08/2025,RPSC,Agriculture School Lecturer     – 500 Posts,"B.Sc, M.Sc",–,03-10-2025,Get Details
20/08/2025,RPSC,Junior Legal Officer     – 12 Posts,LLB,08/ EXAM/J.L.O.-JDA /EP-1/2025-26,25-09-2025,Get Details
19/08/2025,RPSC,Senior Teacher     – 6500 Posts,"Any Graduate, B.Ed, Diploma, D.El.Ed",07/2025-26,17-09-2025,Get Details
16/08/2025,Sainik School Chittorgarh,"TGT, Lab Assistant and More     – 8 Posts","B.A, B.Ed",–,17-09-2025,Get Details
28/07/2025,CURAJ,Teaching Positions     – 18 Posts,"B.Arch, B.Tech/B.E, Any Masters Degree, M.Arch, M.E/M.Tech, MS, M.Phil/Ph.D, BS",CURAJ/R/F.167/2025/1494,30-09-2025,Get Details
18/07/2025,RPSC,School Lecturer     – 3225 Posts,"B.Ed, Any Post Graduate",06/2025-26,12-09-2025,Get Details
10/09/2025,ECHS,"Officer in Charge, Medical Officer and More     – 03 Posts","Any Graduate, MBBS, Diploma",–,18-10-2025,Get Details
10/09/2025,TNHRCE,Teacher     – 03 Posts,Any Bachelors Degree,–,30-09-2025,Get Details
10/09/2025,MRB,Assistant Medical Officer     – 27 Posts,"MS/MD, BSMS",–,29-09-2025,Get Details
10/09/2025,ESIC Tirupur,"Specialists, Senior Residents     – 23 Posts","BDS, MBBS, PG Diploma, MS/MD",–,26-09-2025,Get Details
09/09/2025,ERNET India,Research Internship     – 01 Posts,M.E/M.Tech,–,12-09-2025,Get Details
09/09/2025,DHS Namakkal,"Nursing Therapist, Lab Technician and More     – 71 Posts","B.B.A, B.Com, B.Sc, Diploma, 10TH, 8TH",–,15-09-2025,Get Details
09/09/2025,NLC,Health Inspector     – 16 Posts,"Diploma, 12TH",07/2025,06-10-2025,Get Details
08/09/2025,CUTN,Project Associate     – 05 Posts,"M.Sc, M.E/M.Tech",–,15-09-2025,Get Details
08/09/2025,BHEL Trichy,Apprentices     – 760 Posts,"B.A, B.Com, B.Tech/B.E, Diploma, ITI, 12TH",–,15-09-2025,Get Details
06/09/2025,TNUSRB,"Constable Grade II, Fireman and Jail Warder     – 3665 Posts",10TH,02 / 2025,21-09-2025,Get Details
05/09/2025,DHS Chengalpattu,"Occupational Therapist, Social Worker and More     – 11 Posts","Any Bachelors Degree, 8TH, BPT, Any Masters Degree, MSW, MOT, BOT",–,25-09-2025,Get Details
05/09/2025,DHS Thanjavur,Occupational Therapist     – 01 Posts,"MOT, BOT",–,24-09-2025,Get Details
05/09/2025,IIT Madras,Project Associate I     – 01 Posts,"B.Tech/B.E, M.Sc, M.E/M.Tech",ICSR/PR/Advt.146/2025,19-09-2025,Get Details
05/09/2025,TNAU,"Jrf, Technical Assistant and More     – 12 Posts","B.Tech/B.E, Diploma, M.Sc, M.Phil/Ph.D",–,10-09-2025,Get Details
04/09/2025,IIT Madras,Patent Agent     – 01 Posts,"B.Tech/B.E, M.E/M.Tech",ICSR/PR/Advt.137/2025,18-09-2025,Get Details
03/09/2025,TNEB,Field Assistant     – 1794 Posts,ITI,717,02-10-2025,Get Details
03/09/2025,TNPSC,Field Assistant     – 1794 Posts,ITI,717,02-10-2025,Get Details
03/09/2025,TNRD,"Office Assistant, Record Clerk and More     – 365 Posts","10TH, 8TH",–,30-09-2025,Get Details
03/09/2025,DCWSS Pudukkottai,"Child Help line Supervisor, Case Worker     – 06 Posts",12TH,–,12-09-2025,Get Details
03/09/2025,ESIC,"Specialist, Senior Resident     – 25 Posts","MBBS, PG Diploma, MS/MD",–,10-09-2025,Get Details
02/09/2025,IMSc,"Project Associate I, Library Trainees     – 03 Posts","B.Tech/B.E, M.Sc",–,14-09-2025,Get Details
02/09/2025,DHEW Viluppuram,IT Assistant,Any Bachelors Degree,–,22-09-2025,Get Details
02/09/2025,DHS Dindigul,"Consultant, Multipurpose and More     – 27 Posts","Diploma, BAMS, BUMS, BHMS",–,29-09-2025,Get Details
02/09/2025,BHEL,"GDMO, Specialist     – 03 Posts","MBBS, MS/MD",HPBP/ 02/ CMP /2025,17-09-2025,Get Details
02/09/2025,DHS Pudukkottai,"Multipurpose Worker, Dispensar and Other     – 19 Posts","BHMS, MS/MD, D.Pharm",–,12-09-2025,Get Details
01/09/2025,DHS Madurai,"Medical Consultant, Pharmacist and More     – 17 Posts","Any Graduate, 8TH, BUMS, D.Pharm, DMLT",–,10-09-2025,Get Details
01/09/2025,Rural Development and Panchayat Department Thoothukudi,Night Watchman     – 01 Posts,Other,–,30-09-2025,Get Details
01/09/2025,Panchayat Raj Department Tirunelveli,"Office Assistant, Night Watch and More     – 06 Posts",8TH,–,30-09-2025,Get Details
29/08/2025,TN MRB,Assistant Medical Officer     – 8 Posts,BAMS,13/MRB/2025,18-09-2025,Get Details
26/08/2025,ICMR NIRT,Junior Consultant     – 01 Posts,Any Masters Degree,–,15-09-2025,Get Details
23/08/2025,RVNL,Planning Manager     – 2 Posts,B.Tech/B.E,–,11-09-2025,Get Details
23/08/2025,IREL (India),"Graduate, Technician and Trade Apprentices     – 41 Posts","B.Sc, B.Tech/B.E, Diploma, ITI",IREL (India) Limited/MK/Apprentices Engagement/2025/01,20-09-2025,Get Details
23/08/2025,Cordite Factory Aruvankadu,Tenure Based CPW     – 77 Posts,ITI,–,10-09-2025,Get Details
22/08/2025,IIM Trichy,"MTS, Graduate Engineer Trainee and More     – 18 Posts","Any Graduate, B.A, B.Tech/B.E, Diploma, 12TH, Any Post Graduate, M.A, MBA/PGDM, PG Diploma, M.Phil/Ph.D",EST-II/A-02/2025/002,22-09-2025,Get Details
22/08/2025,District Health Society Cuddalore,"Attender, MPHW and More     – 9 Posts","10TH, D.Pharm",–,13-09-2025,Get Details
22/08/2025,AWEIL OFT,Tradesman     – 73 Posts,"Diploma, ITI, 10TH, 8TH",7635/LB/2025,21-09-2025,Get Details
21/08/2025,TN Stationery and Printing Department,"Junior Electrician, Junior Mechanic and More     – 56 Posts","Diploma, ITI, 10TH",–,19-09-2025,Get Details
19/08/2025,Viluppuram Revenue Department,Village Assistant     – 31 Posts,10TH,–,16-09-2025,Get Details
19/08/2025,DCWSS Thoothukudi,Social Worker Members     – 02 Posts,B.Sc,–,15-09-2025,Get Details
18/08/2025,DCWSS Coimbatore,Social Worker Members,Other,–,15-09-2025,Get Details
18/08/2025,Juvenile Justice Board Tirunelveli,Social Worker Members     – 02 Posts,"B.A, B.Sc, LLB",–,15-09-2025,Get Details
16/08/2025,CUTN,Teaching     – 19 Posts,"Any Masters Degree, M.Phil/Ph.D",CUTN/T/01/2025,17-09-2025,Get Details
14/08/2025,IMSC,Faculty     – 15 Posts,M.Phil/Ph.D,–,14-09-2025,Get Details
11/04/2025,IIT Madras,Assistant Professor,M.Phil/Ph.D,IITM/R/3/2025,31-12-2025,Get Details
10/09/2025,MIDHANI,Assistant Manager     – 23 Posts,B.Tech/B.E,MDN/HR/E/2/25,24-09-2025,Get Details
09/09/2025,MHSRB Telangana,"Civil Assistant Surgeon Specialists, Medical Officer Specialist     – 1623 Posts","DNB, MS/MD",04/2025,23-09-2025,Get Details
08/09/2025,MANUU,"Deputy Registrar, Assistant  and More     – 27 Posts","Any Bachelors Degree, B.Tech/B.E, Diploma, ITI, 10TH, Any Masters Degree",–,29-09-2025,Get Details
08/09/2025,HAL,Visiting Consultant     – 03 Posts,"Any Bachelors Degree, BDS, Diploma, Any Post Graduate",HAL-HYD/2025/03,26-09-2025,Get Details
05/09/2025,MANAGE,Consultant     – 01 Posts,"CA, ICWA, M.Com, MBA/PGDM",–,20-09-2025,Get Details
04/09/2025,IIT Hyderabad,"Accountant, Junior Accountant     – 02 Posts","B.Com, CA",IITH/2025/CS/29,23-09-2025,Get Details
03/09/2025,District Court Warangal,Special Judicial Second Class Magistrates     – 02 Posts,Other,–,19-09-2025,Get Details
02/09/2025,CHESS DRDO,Apprentice     – 25 Posts,"B.Tech/B.E, Diploma",CHESS/75/75500/APPR/Advt-3/2025,22-09-2025,Get Details
01/09/2025,CDFD,"Technical Officer, Junior Assistant and More     – 09 Posts","Any Graduate, B.Sc, B.Tech/B.E, 12TH, 10TH, M.Sc, PG Diploma",03/2025,30-09-2025,Get Details
01/09/2025,CITD Hyderabad,"Faculty, Instructor and More","Any Graduate, B.Tech/B.E, Diploma, ITI, M.A, M.Sc, M.E/M.Tech, MBA/PGDM",–,01-11-2025,Get Details
30/08/2025,ECIL,ITI Trade Apprentices     – 412 Posts,ITI,16/2025,22-09-2025,Get Details
28/08/2025,BEL,Trainee Engineer and Project Engineer     – 80 Posts,B.Tech/B.E,BEL/HYD/2025-26/04,12-09-2025,Get Details
20/08/2025,MIDHANI,Assistant     – 50 Posts,"B.Sc, Diploma",–,17-09-2025,Get Details
19/08/2025,BDL,General Manager     – 01 Posts,B.Tech/B.E,–,17-09-2025,Get Details
18/08/2025,CSIR IICT,"Junior Stenographer, Multi Tasking Staff     – 09 Posts","12TH, 10TH",03/2025,12-09-2025,Get Details
13/08/2025,District Court Narayanpet,"Court Assistant, Court Attendant     – 02 Posts",Other,–,15-09-2025,Get Details
03/09/2025,Tripura University,Guest Faculty     – 01 Posts,Other,–,10-09-2025,Get Details
29/08/2025,Tripura PSC,Medical Officer     – 6 Posts,Master of Dental Surgery,26/2025,10-10-2025,Get Details
13/08/2025,Tripura PSC,Personal Assistant     – 100 Posts,12TH,25/2025,23-09-2025,Get Details
04/08/2025,TPSC,Professor     – 18 Posts,"DNB, M.Ch, DM",24/2025,15-09-2025,Get Details
08/09/2025,BHU,"Project Research Scientist I, Research Assistant",Other,–,23-09-2025,Get Details
08/09/2025,AMU,Guest Teacher     – 01 Posts,"Any Bachelors Degree, Any Masters Degree",11/Poly/2025-2026,16-09-2025,Get Details
08/09/2025,BHU,Junior Research Assistant     – 01 Posts,"B.Sc, M.Sc, M.E/M.Tech",–,27-09-2025,Get Details
08/09/2025,AMU,Assistant Professor     – 01 Posts,"B.Tech/B.E, M.E/M.Tech",10/Poly/2025-2026,16-09-2025,Get Details
08/09/2025,AIIMS Raebareli,Senior Residents     – 137 Posts,Other,AIIMS/RBL/REC/SR/2025/300,12-09-2025,Get Details
05/09/2025,Rampur Raza Library,Multi Tasking Staff     – 01 Posts,10TH,–,05-10-2025,Get Details
04/09/2025,UPPSC,Assistant Professor     – 1253 Posts,"Any Masters Degree, M.Phil/Ph.D",A-7/E-1/2025,06-10-2025,Get Details
04/09/2025,IIT BHU,"Junior Research Fellow, Research Associate II     – 01 Posts","M.Sc, M.E/M.Tech",–,20-09-2025,Get Details
04/09/2025,RGIPT,Professor of Practice     – 01 Posts,M.Phil/Ph.D,RGIPT/Sivasagar Campus/FA/05/2025,21-09-2025,Get Details
03/09/2025,RGIPT,"Purchase Officer, Public Relations Officer and More     – 03 Posts","Any Graduate, B.Sc, B.Tech/B.E, LLB, Any Masters Degree, LLM, M.Sc, M.E/M.Tech",–,21-09-2025,Get Details
03/09/2025,TMC,Contract Nurse     – 30 Posts,"B.Sc, Diploma",OS/NSG/VAR/2025/10,19-09-2025,Get Details
03/09/2025,IIT Kanpur,Deputy Project Manager     – 01 Posts,"B.A, BCA, B.B.A, B.Com, LLB, CA, CS, ICWA, M.A, M.Com, M.Sc, MBA/PGDM, MCA",P.Rect./IP/DOAD/2025/56,22-09-2025,Get Details
03/09/2025,BHU,Junior Research Fellowship     – 01 Posts,M.Sc,–,21-09-2025,Get Details
02/09/2025,HURL,Apprentices     – 53 Posts,"B.Sc, Diploma",HURL/GKP/APP/25-26/01,30-09-2025,Get Details
01/09/2025,NSI,Young Professional,M.Sc,–,25-09-2025,Get Details
28/08/2025,BECIL,Sports Instructor     – 01 Posts,Any Bachelors Degree,521,11-09-2025,Get Details
25/08/2025,FDDI,"Junior Technologist, Technologist     – 07 Posts","Any Graduate, B.Tech/B.E, Any Post Graduate",–,22-09-2025,Get Details
25/08/2025,IIM Lucknow,Chief Administrative Officer     – 01 Posts,Any Post Graduate,IIML/Rectt-08C/2025,22-09-2025,Get Details
25/08/2025,IIM Lucknow,General Duty Medical Officer     – 03 Posts,MBBS,IIML/Rectt-09C/2025,12-09-2025,Get Details
23/08/2025,Troop Comforts,"Company Secretary, Graphic Designer     – 2 Posts","Diploma, B.Des",–,12-09-2025,Get Details
20/08/2025,IIIT Allahabad,Junior Research Fellow     – 01 Posts,"B.Tech/B.E, M.E/M.Tech",IIITA/RDS/NRB/JRF/2025/01,10-09-2025,Get Details
20/08/2025,DRDO ADRDE,Junior Research Fellow     – 05 Posts,"B.Tech/B.E, M.E/M.Tech",–,25-09-2025,Get Details
16/08/2025,NCHMCT,Stenographer Grade D     – 02 Posts,12TH,NCHM-01/2025,16-09-2025,Get Details
13/08/2025,UPPRPB,Sub Inspector     – 4543 Posts,Any Graduate,–,11-09-2025,Get Details
12/08/2025,UPPSC GIC,Lecturer     – 1516 Posts,"B.Ed, Any Post Graduate, M.A",A-6/E-1/2025,12-09-2025,Get Details
04/08/2025,AIIMS Raebareli,Senior Residents     – 140 Posts,"DNB, MS/MD, M.Ch, DM",AIIMS/RBL/REC/SR/2025/300,26-09-2025,Get Details
10/09/2025,THDC,Assistant Manager     – 40 Posts,"B.Sc, B.Tech/B.E",08/2025,10-10-2025,Get Details
09/09/2025,WII,"Project Scientist, Project Associate and More     – 42 Posts","B.Pharma, B.Sc, B.Tech/B.E, Diploma, BVSC, M.Sc, M.E/M.Tech, M.Phil/Ph.D, MS/MD",WII/ADVT. 2/RP–CELL,20-09-2025,Get Details
09/09/2025,Pithoragarh Forest Division,Junior Research Fellow     – 01 Posts,"Any Graduate, Any Post Graduate, M.Sc",–,19-09-2025,Get Details
08/09/2025,UJVNL,Diploma Apprenticeship     – 12 Posts,Diploma,–,24-09-2025,Get Details
05/09/2025,NIEPVD,"Speech Therapist, Trained Caregiver and More     – 05 Posts",Other,5-2/2025-0034,12-09-2025,Get Details
05/09/2025,AIIMS Rishikesh,"Project Research Scientist I, Project Technical Support II","BDS, MBBS, M.Sc, MVSC",–,15-09-2025,Get Details
05/09/2025,NIH,"Research Associate l, Consultant     – 02 Posts",M.Phil/Ph.D,Project/Advt.43/2025-NIH(Admn.),18-09-2025,Get Details
04/09/2025,IIT Roorkee,Project Scientist II     – 01 Posts,"M.Sc, M.Phil/Ph.D",–,18-09-2025,Get Details
04/09/2025,GBPUAT,Emergency Medical Officer     – 01 Posts,MBBS,–,20-09-2025,Get Details
03/09/2025,GBPUAT,Young Professional I     – 01 Posts,B.Sc,–,20-09-2025,Get Details
02/09/2025,Sainik School Ghorakhal,PGT     – 01 Posts,"B.Ed, Any Masters Degree, M.Sc",–,10-09-2025,Get Details
26/08/2025,AIIMS Rishikesh,"Project Research Scientist I, Project Technical Support II","BDS, MBBS, M.Sc, MVSC",–,15-09-2025,Get Details
25/08/2025,AIIMS Rishikesh,Junior Research Fellow     – 01 Posts,M.Sc,–,10-09-2025,Get Details
19/08/2025,WII,"Project Associate, Technical Assistant and More     – 53 Posts","B.Sc, M.Sc, M.Phil/Ph.D","WII/ADVT. 1/RP–CELL/ August, 2025",10-09-2025,Get Details
10/09/2025,WBSSC,Special Education Teacher,B.Ed,1207/7002/CSSC/ESTT/2025,24-09-2025,Get Details
09/09/2025,SMP Kolkata,Senior Deputy Chief Accounts Officer     – 01 Posts,Other,–,03-10-2025,Get Details
08/09/2025,IISER Kolkata,Lab Assistant     – 01 Posts,Any Graduate,DBT/P0468/2025,15-09-2025,Get Details
04/09/2025,IIT Kharagpur,Training Officer     – 01 Posts,M.E/M.Tech,IIT/SRIC/R/NIK/2025/109,17-09-2025,Get Details
04/09/2025,ISI Kolkata,Project Linked Person     – 01 Posts,"M.Sc, M.E/M.Tech, MCA",–,17-09-2025,Get Details
02/09/2025,ESIC,Principal Cum Professor     – 02 Posts,M.Sc,12 OF 2025,10-09-2025,Get Details
02/09/2025,ISI Kolkata,Project Associate I     – 02 Posts,"B.Tech/B.E, M.Sc",–,21-09-2025,Get Details
01/09/2025,CNCI Kolkata,Nuclear Medicine Technologist     – 01 Posts,B.Sc,N-017/2025,15-09-2025,Get Details
01/09/2025,SAIL,"GDMO, Specialists     – 06 Posts","MBBS, PG Diploma, MS/MD",–,20-09-2025,Get Details
30/08/2025,WBMSC,Sub Assistant Engineer     – 28 Posts,Diploma,08 of 2025,22-09-2025,Get Details
30/08/2025,WBMSC,Sub-Assistant Engineer     – 78 Posts,Diploma,06 of 2025,22-09-2025,Get Details
30/08/2025,WBSSC,Group C and D     – 8477 Posts,Any Graduate,–,31-10-2025,Get Details
30/08/2025,WBMSC,Sub Assistant Engineer     – 19 Posts,Diploma,7 of 2025,22-09-2025,Get Details
29/08/2025,Visva Bharati University,"Librarian, Deputy Registrar and More     – 05 Posts","M.Phil/Ph.D, M.Lib",05/2025,30-09-2025,Get Details
29/08/2025,Hindustan Copper,Graduate Engineer Trainee     – 27 Posts,B.Tech/B.E,Estt. /1/2026/2025-26,12-09-2025,Get Details
29/08/2025,Eastern Coalfields,Security Guard (Trainee)     – 175 Posts,7th,–,10-09-2025,Get Details
29/08/2025,SAIL,Proficiency Trainees     – 39 Posts,"Diploma, 12TH, GNM, ANM, DMLT",–,16-09-2025,Get Details
29/08/2025,EMRS Purulia,Teaching and Non Teaching Staff     – 14 Posts,"Any Graduate, B.Ed, 8TH, M.Sc",–,18-09-2025,Get Details
26/08/2025,AIIMS Kalyani,Tutor     – 01 Posts,MBBS,–,11-09-2025,Get Details
26/08/2025,SMP Kolkata,Radio Officer     – 1 Posts,Other,–,29-09-2025,Get Details
25/08/2025,SMP Kolkata,"Deputy Chief Engineer, Harbour Master     – 02 Posts",Other,–,19-09-2025,Get Details
19/08/2025,NIT Durgapur,Project Assistant     – 01 Posts,B.Tech/B.E,NITD/SRCC/DD/CHE/PA/2025/01,11-09-2025,Get Details
18/08/2025,WBPSC,Civil Judge     – 54 Posts,LLB,19/2023,21-09-2025,Get Details
18/08/2025,WBPSC,Civil Judge     – 54 Posts,LLB,9/2024,09-11-2025,Get Details
16/08/2025,WBMSC,Paribesh Bandhu     – 64 Posts,Other,05 of 2025,17-09-2025,Get Details
16/08/2025,WBMSC,Conservancy Mazdoor     – 675 Posts,Other,04 of 2025,17-09-2025,Get Details
14/08/2025,SMP Kolkata,Gas Mask Diver     – 01 Posts,Other,–,29-09-2025,Get Details
13/08/2025,SMP Kolkata,Senior Hydrographers     – 04 Posts,B.Sc,–,29-09-2025,Get Details
12/08/2025,SMPA,Lady Security     – 04 Posts,8TH,–,29-09-2025,Get Details
09/08/2025,ECL,Apprentice     – 1123 Posts,"Any Graduate, Diploma",–,11-09-2025,Get Details
